Type,Name,Request Count,Failure Count,Median Response Time,Average Response Time,Min Response Time,Max Response Time,Average Content Size,Requests/s,Failures/s,50%,66%,75%,80%,90%,95%,98%,99%,99.9%,99.99%,100%
POST,/pose/image,270,0,26000.0,25937.007508933253,3046.3021770010528,58683.3390569991,172008.28148148148,1.5767406556028154,0.0,26000,30000,36000,41000,46000,49000,52000,56000,59000,59000,59000
POST,/pose/json,121,1,25000.0,26293.48282435531,3056.569717999082,60003.63166899842,829.6446280991736,0.7066134049182988,0.005839780205936353,25000,33000,40000,42000,46000,52000,56000,56000,60000,60000,60000
,Aggregated,391,1,26000.0,26047.32339938355,3046.3021770010528,60003.63166899842,119034.84143222506,2.283354060521114,0.005839780205936353,26000,31000,38000,42000,46000,49000,54000,56000,60000,60000,60000
