Type,Name,Request Count,Failure Count,Median Response Time,Average Response Time,Min Response Time,Max Response Time,Average Content Size,Requests/s,Failures/s,50%,66%,75%,80%,90%,95%,98%,99%,99.9%,99.99%,100%
POST,/pose/image,117,8,34000.0,34710.28178013089,3456.424718024209,60041.06702003628,160400.547008547,0.8469608103314447,0.05791185027907314,34000,44000,49000,52000,58000,60000,60000,60000,60000,60000,60000
POST,/pose/json,46,3,34000.0,33401.923893409294,5824.660185026005,60041.33325605653,727.9130434782609,0.33299313910467054,0.021716943854652428,34000,39000,42000,46000,55000,60000,60000,60000,60000,60000,60000
,Aggregated,163,11,34000.0,34341.05194706836,3456.424718024209,60041.33325605653,115339.55828220859,1.179953949436115,0.07962879413372556,34000,42000,49000,52000,58000,60000,60000,60000,60000,60000,60000
