Type,Name,Request Count,Failure Count,Median Response Time,Average Response Time,Min Response Time,Max Response Time,Average Content Size,Requests/s,Failures/s,50%,66%,75%,80%,90%,95%,98%,99%,99.9%,99.99%,100%
POST,/pose/image,112,5,27000.0,29229.28660824991,2994.2509600004996,60004.17043299967,171439.17857142858,0.8161137695160393,0.03643365042482319,28000,39000,46000,49000,55000,59000,60000,60000,60000,60000,60000
POST,/pose/json,65,0,34000.0,34501.22901332323,3009.7653239972715,58688.201035998645,774.8923076923077,0.4736374555227014,0.0,34000,42000,45000,51000,55000,57000,58000,59000,59000,59000,59000
,Aggregated,177,5,31000.0,31165.310655310735,2994.2509600004996,60004.17043299967,108765.85310734464,1.2897512250387408,0.03643365042482319,31000,40000,46000,49000,55000,58000,60000,60000,60000,60000,60000
