Type,Name,Request Count,Failure Count,Median Response Time,Average Response Time,Min Response Time,Max Response Time,Average Content Size,Requests/s,Failures/s,50%,66%,75%,80%,90%,95%,98%,99%,99.9%,99.99%,100%
POST,/pose/image,44,4,35000.0,33843.99370197744,4932.942968000134,60004.139976997976,157939.18181818182,0.4269756141706946,0.0388159649246086,35000,44000,49000,51000,59000,60000,60000,60000,60000,60000,60000
POST,/pose/json,27,2,33000.0,31281.75768900002,2987.5465420009277,60004.966511998646,769.0370370370371,0.262007763241108,0.0194079824623043,33000,40000,51000,53000,59000,60000,60000,60000,60000,60000,60000
,Aggregated,71,6,34000.0,32869.62226042264,2987.5465420009277,60004.966511998646,98170.25352112677,0.6889833774118026,0.0582239473869129,34000,41000,49000,51000,59000,60000,60000,60000,60000,60000,60000
