Type,Name,Request Count,Failure Count,Median Response Time,Average Response Time,Min Response Time,Max Response Time,Average Content Size,Requests/s,Failures/s,50%,66%,75%,80%,90%,95%,98%,99%,99.9%,99.99%,100%
POST,/pose/image,46,2,33000.0,31910.374854393962,3046.7015460017137,60039.38561101677,158738.08695652173,0.46803131848742563,0.020349187760322855,34000,41000,46000,48000,54000,58000,60000,60000,60000,60000,60000
POST,/pose/json,20,1,27000.0,30669.63248255779,3292.9150839918293,60031.78677405231,810.3,0.20349187760322854,0.010174593880161427,31000,42000,45000,51000,60000,60000,60000,60000,60000,60000,60000
,Aggregated,66,3,31000.0,31534.39231747391,3046.7015460017137,60039.38561101677,110881.18181818182,0.6715231960906541,0.03052378164048428,32000,41000,45000,48000,56000,60000,60000,60000,60000,60000,60000
