Type,Name,Request Count,Failure Count,Median Response Time,Average Response Time,Min Response Time,Max Response Time,Average Content Size,Requests/s,Failures/s,50%,66%,75%,80%,90%,95%,98%,99%,99.9%,99.99%,100%
POST,/pose/image,49,7,36000.0,35248.18701155208,2975.755664985627,60039.88574701361,157136.89795918367,0.47321789501127454,0.06760255643018208,36000,46000,51000,55000,60000,60000,60000,60000,60000,60000,60000
POST,/pose/json,28,6,29000.0,32657.779109356594,2953.2580850063823,60039.067325007636,603.25,0.2704102257207283,0.05794504836872749,31000,41000,51000,60000,60000,60000,60000,60000,60000,60000,60000
,Aggregated,77,13,34000.0,34306.220501662814,2953.2580850063823,60039.88574701361,100215.57142857143,0.7436281207320028,0.12554760479890956,34000,44000,51000,55000,60000,60000,60000,60000,60000,60000,60000
