Type,Name,Request Count,Failure Count,Median Response Time,Average Response Time,Min Response Time,Max Response Time,Average Content Size,Requests/s,Failures/s,50%,66%,75%,80%,90%,95%,98%,99%,99.9%,99.99%,100%
POST,/pose/image,310,12,32000.0,31296.732763572025,3023.297270061448,60039.66580389533,164223.6387096774,1.5327182048731085,0.059331027285410655,32000,41000,47000,47000,54000,59000,60000,60000,60000,60000,60000
POST,/pose/json,161,4,30000.0,30721.87358332199,3019.4346450734884,60038.61661301926,822.6770186335403,0.7960246160792596,0.019777009095136883,30000,40000,46000,47000,53000,58000,60000,60000,60000,60000,60000
,Aggregated,471,16,31000.0,31100.23100556725,3019.4346450734884,60039.66580389533,108368.95753715499,2.328742820952368,0.07910803638054753,31000,41000,46000,47000,53000,59000,60000,60000,60000,60000,60000
